t,DSP,TJP1,JCAD,RhoA,RhoC,perturbation,delta,phenotype
9.9,0.0,0.661095,0.0,0.36239,0.610295,DSP_JCAD_DKO,0.24790500000000004,Normal
9.9,0.0,0.661347,0.657832,0.257688,0.792566,DSP_KO,0.534878,Hyper
9.9,0.674407,0.6595949999999999,0.0,0.510131,0.522213,JCAD_KO,0.012082000000000037,Normal
9.9,0.6598740000000001,0.0,0.0,0.606235,0.366038,TJP1_JCAD_DKO,-0.240197,Normal
9.9,0.668912,0.0,0.6689669999999999,0.799366,0.25322300000000003,TJP1_KO,-0.546143,Failed
9.9,0.654609,0.673411,0.680021,0.642616,0.649505,WT,0.006889000000000034,Normal
