t,DSP,TJP1,JCAD,RhoA,RhoC,delta,scenario
3.9,0.506999,0.5062,0.49999899999999997,0.5973209999999999,0.5990510000000001,0.0017300000000002314,WT
3.9,0.0,0.501001,0.49459999999999993,0.399059,0.6787099999999999,0.2796509999999999,DSP
3.9,0.4979,0.0,0.49480100000000005,0.6781809999999999,0.394261,-0.28391999999999995,TJP1
3.9,0.5062,0.5009,0.0,0.567528,0.570164,0.0026359999999999717,JCAD
3.9,0.0,0.0,0.49050000000000005,0.50663,0.503142,-0.0034880000000000466,DSP_TJP1
3.9,0.0,0.5056,0.0,0.42297399999999996,0.649862,0.2268880000000001,DSP_JCAD
3.9,0.5052,0.0,0.0,0.642786,0.42099699999999995,-0.22178900000000001,TJP1_JCAD
