t,DSP,TJP1,JCAD,RhoA,RhoC,delta,scenario
3.9,0.5010000000000001,0.493401,0.493001,0.593981,0.5961350000000001,0.0021540000000001003,WT
3.9,0.0,0.4977,0.49949899999999997,0.40290099999999995,0.6735819999999999,0.27068099999999995,DSP
3.9,0.5076999999999999,0.0,0.49329999999999996,0.6890759999999999,0.389395,-0.2996809999999999,TJP1
3.9,0.5049,0.4928,0.0,0.577955,0.569812,-0.008143000000000011,JCAD
3.9,0.0,0.0,0.4999,0.504687,0.506291,0.0016040000000000498,DSP_TJP1
3.9,0.0,0.5033,0.0,0.42559,0.649895,0.22430499999999998,DSP_JCAD
3.9,0.494299,0.0,0.0,0.647669,0.41618,-0.23148900000000006,TJP1_JCAD
