,Phenotype,Delta
WT,Normal,0.011695000000000122
DSP,Hyper,0.292778
TJP1,Failed,-0.277898
JCAD,Normal,0.0005230000000000512
DSP_JCAD,Normal,0.23029499999999992
TJP1_JCAD,Normal,-0.24566299999999996
