t,DSP,TJP1,JCAD,RhoA,RhoC,delta,scenario
3.9,0.504302,0.489699,0.5163989999999999,0.5999450000000001,0.5993580000000001,-0.0005870000000000042,WT
3.9,0.0,0.4936,0.4981,0.39921599999999996,0.677412,0.27819600000000005,DSP
3.9,0.500298,0.0,0.49609899999999996,0.6849339999999999,0.39712500000000006,-0.28780899999999987,TJP1
3.9,0.504998,0.5003989999999999,0.0,0.56237,0.5755709999999999,0.013200999999999907,JCAD
3.9,0.0,0.0,0.49269999999999997,0.499363,0.504121,0.00475800000000004,DSP_TJP1
3.9,0.0,0.5038,0.0,0.423768,0.642843,0.21907500000000008,DSP_JCAD
3.9,0.49010000000000004,0.0,0.0,0.639716,0.423567,-0.21614899999999992,TJP1_JCAD
3.9,0.0,0.0,0.0,0.502366,0.503472,0.0011060000000000514,DSP_TJP1_JCAD
