t,DSP,TJP1,JCAD,RhoA,RhoC,delta,scenario
49.9,1.0,1.0,1.0,0.8109120000000001,0.8000670000000001,-0.010844999999999994,WT
49.9,0.0,1.0,1.0,0.25283100000000003,0.924131,0.6713,DSP
49.9,1.0,0.0,1.0,0.925273,0.259833,-0.66544,TJP1
49.9,0.9999990000000001,0.9999990000000001,0.0,0.655528,0.6619980000000001,0.006470000000000087,JCAD
49.9,0.0,1.0,0.0,0.332549,0.792896,0.46034700000000006,DSP_JCAD
49.9,1.0,0.0,0.0,0.7927759999999999,0.331167,-0.46160899999999994,TJP1_JCAD
