DSP,JCAD,RhoA,RhoC,TJP1,scenario
1.0,1.0,0.8084990000000001,0.8154170000000001,1.0,WT
,1.0,0.255611,0.923763,1.0,DSP
1.0,1.0,0.933535,0.253533,,TJP1
0.9999990000000001,,0.650569,0.655988,0.9999990000000001,JCAD
,,0.330403,0.789917,1.0,DSP_JCAD
1.0,,0.7989010000000001,0.331616,,TJP1_JCAD
